{
  "generated_at": "2026-02-27T08:25:02Z",
  "system": {
    "gateway": "up",
    "disk_percent": 71,
    "disk_free": "14G",
    "updates": 0,
    "git_clean": true,
    "memory_age_days": 0,
    "downloads_count": 8,
    "downloads_gb": "5.7G",
    "disk_history": [
      71,
      70,
      72,
      71,
      69,
      73
    ]
  },
  "agents": [
    {
      "name": "linkedin-pa-agent",
      "active": true,
      "last_run": "2026-02-27 08:12"
    },
    {
      "name": "research-agent",
      "active": false,
      "last_run": "never"
    },
    {
      "name": "content-agent",
      "active": false,
      "last_run": "never"
    },
    {
      "name": "dev-agent",
      "active": true,
      "last_run": "2026-02-27 08:01"
    },
    {
      "name": "supervisor",
      "active": true,
      "last_run": "2026-02-27 07:08"
    },
    {
      "name": "agent-manager",
      "active": true,
      "last_run": "2026-02-27 08:07"
    },
    {
      "name": "meta-agent",
      "active": false,
      "last_run": "2026-02-27 00:06"
    }
  ],
  "research": {
    "total": 202,
    "tts_coverage": "100%",
    "latest": "INDEX\nnone",
    "hub_deployed": true
  },
  "recent_commits": [
    {
      "agent": "content",
      "message": "LinkedIn PA comparative-analysis analyst‑report for 2026-02-27 0812 (v10 dynamic)",
      "time": ""
    },
    {
      "agent": "build",
      "message": "auto-commit from agent-manager (2026-02-27)",
      "time": ""
    },
    {
      "agent": "research",
      "message": "Post-quantum cryptography adoption 2026 — NIST FIPS 203/204/205, migration challenges, enterprise readiness",
      "time": ""
    },
    {
      "agent": "content",
      "message": "Update daily digest 2026-02-27 (final with all reports)",
      "time": ""
    },
    {
      "agent": "dev",
      "message": "add ensure-clawdash-deployed utility to automate dashboard updates",
      "time": ""
    },
    {
      "agent": "build",
      "message": "mark workspace-builder session validated (2026-02-27 07:09 UTC) - push pending commits, enforce constraints, update active-tasks",
      "time": ""
    },
    {
      "agent": "content",
      "message": "LinkedIn PA technical-performance analyst‑report for 2026-02-27 0711 (v10 dynamic)",
      "time": ""
    },
    {
      "agent": "build",
      "message": "update research-hub index timestamp (workspace-builder session 20260227-0709)",
      "time": ""
    },
    {
      "agent": "research",
      "message": "Space launch economics & market 2026 — cost per kg, reusability, rideshare boom",
      "time": ""
    },
    {
      "agent": "dev",
      "message": "add quick vercel-status to check dashboard deployment health",
      "time": ""
    }
  ],
  "logs": [
    "2026-02-26 19:08:49 UTC - Snapshot: disk=71%, apt=0, content_today=39, research_today=2",
    "2026-02-26 19:08:58 UTC - Agent performance learning (disabled in this version - Voyage AI rate limited)",
    "2026-02-26 19:08:58 UTC - Agent performance learning (disabled in this version - Voyage AI rate limited)",
    "2026-02-26 19:08:58 UTC - Meta-Agent one-shot completed; actions: none",
    "2026-02-26 19:08:58 UTC - Meta-Agent one-shot completed; actions: none",
    "2026-02-26 23:06:11 UTC - Meta-Agent starting (one-shot)",
    "2026-02-26 23:06:11 UTC - Meta-Agent starting (one-shot)",
    "2026-02-26 23:06:12 UTC - Snapshot: disk=72%, apt=0, content_today=47, research_today=2",
    "2026-02-26 23:06:12 UTC - Snapshot: disk=72%, apt=0, content_today=47, research_today=2",
    "2026-02-26 23:06:22 UTC - Agent performance learning (disabled in this version - Voyage AI rate limited)",
    "2026-02-26 23:06:22 UTC - Agent performance learning (disabled in this version - Voyage AI rate limited)",
    "2026-02-26 23:06:22 UTC - Meta-Agent one-shot completed; actions: none",
    "2026-02-26 23:06:22 UTC - Meta-Agent one-shot completed; actions: none",
    "2026-02-27 00:02:34 UTC - Meta-Agent starting (one-shot)",
    "2026-02-27 00:02:35 UTC - Snapshot: disk=72%, apt=0, content_today=0, research_today=0",
    "2026-02-27 00:02:36 UTC - No content for today; will spawn",
    "2026-02-27 00:02:36 UTC - No research for today; will spawn",
    "2026-02-27 00:02:45 UTC - Spawning content-agent",
    "I’ll check for pending content tasks and generate today’s daily digest.",
    "There’s a daily digest already; I’ll regenerate it to include today’s latest LinkedIn PA posts and update the index:",
    "Now I’ll update the content index and commit:",
    "✅ **Daily digest updated and committed**",
    "",
    "- `content/2026-02-26-daily-digest.md` refreshed with 23 LinkedIn PA posts, research highlights, system metrics, and tomorrow’s plans",
    "- `content/INDEX.md` regenerated (426 content files tracked)",
    "- Commit: `b2bc74e7`",
    "",
    "**Pending:** `apps/dashboard/data.json` and `vercel.json` modified but not committed (likely from earlier PWA work). Those will be handled by workspace‑builder or next maintenance run.  ",
    "",
    "All caught up! (◕‿◕)♡",
    "2026-02-27 00:03:40 UTC - Spawning research-agent",
    "Checking for pending research tasks…",
    "I see there’s a pending research direction from meta-agent logs: “Spring 2026 anime trends” (mentioned in daily logs). I’ll conduct fresh research on **Spring 2026 anime season trends** and create a detailed report. Let’s gather web sources:",
    "Now I’ll create a detailed research report on **Spring 2026 Anime Season Trends**:",
    "Now I’ll update the research INDEX and commit:",
    "**🟢 Heartbeat Check (00:03 UTC / 07:03 ICT, Feb 27)**",
    "",
    "✅ Gateway healthy  ",
    "💾 Disk 72% (healthy)  ",
    "✅ Updates: none pending  ",
    "⚠️ Git: 3 modified files (data.json, vercel.json, memory/meta-agent-state.json) – expected background activity; workspace-builder will commit at next run  ",
    "🧠 Memory: local FTS+ (reindex 2.8d ago)  ",
    "⬇️ Downloads: 17 files, 5.7 GB  ",
    "🤖 Agents: validated (meta-supervisor running; workspace-builder last run 23:00; LinkedIn PA active; enhancement‑bot deployed)  ",
    "⚡ Research completed: “Spring 2026 anime season trends” — report generated and committed (ae03e10d)  ",
    "⚠️ **Attention needed:** PWA dashboard project is **private** on Vercel → 401/404. Please set visibility to **Public** in Vercel dashboard (Settings → General → Project Visibility) for `openclaw-dashboard`. Once public, install button will work at the alias URL.",
    "",
    "All systems operational. HEARTBEAT_OK",
    "2026-02-27 00:06:39 UTC - Agent performance learning (disabled in this version - Voyage AI rate limited)",
    "2026-02-27 00:06:40 UTC - Meta-Agent one-shot completed; actions: spawn content-agent spawn research-agent"
  ]
}
